107,Math
108,Biology
109,Health Science
210,Marketing
110,Social Science
111,Political Science
112,Civics
113,Business
114,Finance
115,Ecology
116,Electrical Engineering
117,Anthropology
118,Earth Science
119,Environmental Science
120,Accounting
121,Algebra
122,Arts & Humanities
123,Religious Studies
124,History
125,World History
126,Anatomy
127,Human Anatomy
128,Psychiatry
129,Drama
130,Computer Science
131,Law
132,Psychology
133,Developmental Biology
134,Immunology
135,US History
136,Ancient History
137,Communications
138,Zoology
139,Chemistry
140,Sociology
141,Ancient Rome
142,Philosophy
143,Networking
144,Geography
145,Physics
146,Nutrition
147,The Digestive System
148,English Literature
149,Music
150,Management
151,Human Resource Management
152,Renaissance (1330-1550)
153,Astronomy
154,Abnormal Psychology
155,Archaeology
156,Financial Accounting
157,Music Theory
158,Cell Biology
159,International Relations
160,Entomology
161,Business Law
162,Ancient Greece
163,Poetry
164,Small Business Management
165,Weather And Climate
166,Botany
167,Media
168,Plants
169,Ethics 
170,Economics
171,Experimental Psychology
172,Tort Law
173,Theology
174,Embryology
175,Organic Chemistry
176,Macroeconomics
177,Pharmacology
178,Neurology
179,Biochemistry
180,Genetics
181,Microeconomics
182,Web Design
183,Project Management
184,Human Biology
185,Microbiology
186,Cognitive Psychology
187,Buddhism
188,Pathophysiology
189,Supply Chain Management
190,Geometry
191,Islam
192,Middle Ages
193,Thermodynamics
194,Antonyms
195,Grammar
196,World Literature
197,Pediatrics
198,Mental Health
199,Cardiology
200,Radiology
201,Kinesiology
202,Government
203,Physiology
204,Climate Change
205,Atom
206,Geology
207,Statistics
208,Constitutional Law
209,Evolution
211,Neuroscience
212,American Politics
213,Hinduism
214,Sales
215,Spelling
216,Theatre
217,Contract Law
218,Energy
219,Endocrinology
220,Occupational Therapy
221,Operations Management
222,American Literature
223,Ancient Egypt
224,Bacteria
225,Christianity
226,Histology
227,Developmental Psychology
228,Architecture
229,Oceanography
230,Audiology
231,Forensic Science
232,Pathology
233,Mythology
234,Ophthalmology
235,Catholicism
236,Neurobiology
237,Plant Cell
238,Shakespeare
239,Nursing
240,Endocrine System
241,Nouns
242,Social Psychology
243,Music History
244,Journalism
245,Criminal Justice
246,Civil War
247,World Religions
248,Business Information Systems
